"Symbol  ","Series  ","Date  ","Prev Close  ","Open Price  ","High Price  ","Low Price  ","Last Price  ","Close Price  ","Average Price ","Total Traded Quantity  ","Turnover ₹  ","No. of Trades  ","Deliverable Qty  ","% Dly Qt to Traded Qty  "
"TCS","EQ","02-Nov-2020","2,664.85","2,660.00","2,664.85","2,600.05","2,608.00","2,604.60","2,618.15","25,71,196","6,73,17,84,552.10","1,17,447","11,37,130","44.23"
"TCS","EQ","03-Nov-2020","2,604.60","2,604.00","2,665.00","2,601.05","2,629.00","2,633.60","2,635.01","28,79,269","7,58,69,13,378.45","1,17,355","10,34,396","35.93"
"TCS","EQ","04-Nov-2020","2,633.60","2,610.00","2,721.85","2,610.00","2,656.00","2,653.15","2,683.56","48,93,928","13,13,31,44,835.10","2,10,543","15,15,071","30.96"
"TCS","EQ","05-Nov-2020","2,653.15","2,685.00","2,710.00","2,667.00","2,688.00","2,685.70","2,688.19","28,16,502","7,57,13,01,989.25","1,19,199","9,40,632","33.40"
"TCS","EQ","06-Nov-2020","2,685.70","2,699.00","2,713.25","2,681.30","2,711.00","2,707.45","2,699.35","38,84,421","10,48,54,27,441.60","1,32,771","20,78,180","53.50"
"TCS","EQ","09-Nov-2020","2,707.45","2,731.10","2,744.00","2,695.10","2,726.00","2,726.60","2,720.53","36,46,592","9,92,06,61,493.20","1,62,134","13,05,417","35.80"
"TCS","EQ","10-Nov-2020","2,726.60","2,697.20","2,713.15","2,638.35","2,653.95","2,649.60","2,663.45","47,60,020","12,67,80,56,831.10","2,40,272","18,71,537","39.32"
"TCS","EQ","11-Nov-2020","2,649.60","2,667.95","2,692.80","2,643.40","2,687.50","2,687.80","2,669.85","32,42,441","8,65,68,31,441.85","1,68,899","12,92,728","39.87"
"TCS","EQ","12-Nov-2020","2,687.80","2,686.00","2,713.00","2,661.75","2,674.75","2,671.05","2,679.78","24,37,505","6,53,19,86,739.75","1,00,997","11,34,593","46.55"
"TCS","EQ","13-Nov-2020","2,671.05","2,655.75","2,664.90","2,636.00","2,661.20","2,656.85","2,650.87","25,48,093","6,75,46,56,102.70","1,11,018","12,18,667","47.83"
"TCS","EQ","14-Nov-2020","2,656.85","2,677.95","2,689.00","2,660.05","2,673.25","2,670.35","2,669.67","2,98,819","79,77,48,788.00","20,530","1,27,612","42.71"
"TCS","EQ","17-Nov-2020","2,670.35","2,695.00","2,695.00","2,650.05","2,661.25","2,666.05","2,670.80","28,27,273","7,55,10,68,267.15","1,34,996","14,60,105","51.64"
"TCS","EQ","18-Nov-2020","2,666.05","2,661.00","2,664.20","2,607.05","2,626.00","2,626.65","2,625.58","28,93,762","7,59,77,89,756.35","1,36,273","14,05,121","48.56"
"TCS","EQ","19-Nov-2020","2,626.65","2,637.00","2,676.15","2,630.85","2,640.25","2,636.90","2,648.32","41,67,501","11,03,68,55,515.70","1,78,640","19,16,634","45.99"
"TCS","EQ","20-Nov-2020","2,636.90","2,655.00","2,676.00","2,627.55","2,657.80","2,660.25","2,657.32","27,11,471","7,20,52,37,904.70","1,18,196","10,60,178","39.10"
"TCS","EQ","23-Nov-2020","2,660.25","2,690.00","2,730.00","2,665.00","2,727.25","2,724.25","2,706.23","37,06,418","10,03,04,30,979.80","1,50,378","15,34,732","41.41"
"TCS","EQ","24-Nov-2020","2,724.25","2,734.40","2,743.00","2,705.00","2,726.00","2,722.05","2,724.87","31,20,516","8,50,29,92,372.30","1,48,092","12,69,435","40.68"
"TCS","EQ","25-Nov-2020","2,722.05","2,729.00","2,732.95","2,688.20","2,700.00","2,701.30","2,707.81","33,02,249","8,94,18,71,533.30","1,63,422","18,04,711","54.65"
"TCS","EQ","26-Nov-2020","2,701.30","2,686.00","2,730.95","2,680.00","2,730.00","2,720.60","2,703.16","23,41,099","6,32,83,69,462.20","1,03,635","10,19,732","43.56"
"TCS","EQ","27-Nov-2020","2,720.60","2,705.00","2,717.70","2,669.05","2,678.00","2,679.65","2,684.61","60,86,808","16,34,06,91,429.60","1,68,842","33,77,042","55.48"
"TCS","EQ","01-Dec-2020","2,679.65","2,679.00","2,735.90","2,624.45","2,729.00","2,726.80","2,695.43","36,05,017","9,71,70,83,002.65","1,53,842","18,76,311","52.05"
"TCS","EQ","02-Dec-2020","2,726.80","2,719.00","2,754.70","2,702.45","2,745.50","2,749.55","2,727.49","25,09,032","6,84,33,51,199.50","1,06,756","11,53,028","45.96"
"TCS","EQ","03-Dec-2020","2,749.55","2,773.90","2,773.90","2,700.80","2,710.00","2,709.45","2,728.72","28,52,548","7,78,38,10,980.40","1,21,400","15,96,838","55.98"
"TCS","EQ","04-Dec-2020","2,709.45","2,710.80","2,738.85","2,699.00","2,723.00","2,727.55","2,722.95","26,86,527","7,31,52,91,484.55","1,21,585","11,80,784","43.95"
"TCS","EQ","07-Dec-2020","2,727.55","2,715.00","2,744.00","2,706.15","2,741.00","2,737.70","2,721.02","19,96,400","5,43,22,46,145.90","1,11,040","9,92,587","49.72"
"TCS","EQ","08-Dec-2020","2,737.70","2,740.00","2,805.55","2,732.45","2,795.00","2,797.30","2,771.25","42,77,818","11,85,49,14,854.55","2,73,215","20,85,610","48.75"
"TCS","EQ","09-Dec-2020","2,797.30","2,815.00","2,840.00","2,793.15","2,812.05","2,810.80","2,817.31","36,59,996","10,31,13,51,385.55","1,47,222","11,67,517","31.90"
"TCS","EQ","10-Dec-2020","2,810.80","2,818.00","2,827.30","2,780.25","2,784.80","2,784.30","2,794.17","21,27,801","5,94,54,38,936.55","1,06,653","10,09,035","47.42"
"TCS","EQ","11-Dec-2020","2,784.30","2,792.70","2,807.70","2,764.55","2,782.00","2,783.60","2,789.22","17,95,408","5,00,77,81,485.00","90,719","8,10,401","45.14"
"TCS","EQ","14-Dec-2020","2,783.60","2,802.00","2,804.00","2,756.25","2,796.55","2,797.70","2,787.40","24,83,658","6,92,29,52,988.10","1,12,781","14,87,586","59.89"
"TCS","EQ","15-Dec-2020","2,797.70","2,786.00","2,794.70","2,755.00","2,763.95","2,761.55","2,768.65","23,65,509","6,54,92,73,569.60","1,52,067","12,52,080","52.93"
"TCS","EQ","16-Dec-2020","2,761.55","2,779.00","2,819.80","2,760.45","2,810.00","2,814.20","2,792.39","25,65,149","7,16,28,92,179.05","1,09,504","13,58,603","52.96"
"TCS","EQ","17-Dec-2020","2,814.20","2,811.00","2,853.70","2,805.00","2,848.70","2,838.20","2,823.94","28,63,460","8,08,62,36,716.70","1,21,983","14,23,130","49.70"
"TCS","EQ","18-Dec-2020","2,838.20","2,868.00","2,898.00","2,846.20","2,851.95","2,861.00","2,873.74","60,76,692","17,46,28,37,839.65","1,78,840","24,36,219","40.09"
"TCS","EQ","21-Dec-2020","2,861.00","2,861.00","2,886.50","2,785.00","2,810.00","2,820.15","2,853.21","27,05,195","7,71,84,76,165.55","1,41,821","8,87,083","32.79"
"TCS","EQ","22-Dec-2020","2,820.15","2,834.00","2,883.65","2,818.65","2,870.65","2,872.50","2,848.13","28,81,737","8,20,75,69,106.95","1,58,517","11,23,581","38.99"
"TCS","EQ","23-Dec-2020","2,872.50","2,876.05","2,919.00","2,865.45","2,907.15","2,908.75","2,904.67","27,90,988","8,10,69,11,741.25","1,25,341","9,47,547","33.95"
"TCS","EQ","24-Dec-2020","2,908.75","2,909.00","2,921.35","2,883.20","2,908.95","2,909.35","2,902.86","18,07,144","5,24,58,86,550.40","76,405","5,69,310","31.50"
"TCS","EQ","28-Dec-2020","2,909.35","2,910.00","2,949.70","2,902.00","2,932.10","2,929.40","2,929.11","21,08,994","6,17,74,67,465.10","1,06,481","7,17,415","34.02"
"TCS","EQ","29-Dec-2020","2,929.40","2,920.00","2,952.00","2,920.00","2,935.00","2,930.50","2,937.59","19,94,151","5,85,79,96,376.70","99,597","9,26,286","46.45"
"TCS","EQ","30-Dec-2020","2,930.50","2,934.40","2,947.70","2,902.00","2,910.00","2,909.30","2,918.00","26,37,968","7,69,75,96,026.60","87,612","14,41,442","54.64"
"TCS","EQ","31-Dec-2020","2,909.30","2,900.00","2,905.00","2,845.00","2,864.95","2,862.75","2,874.36","40,40,956","11,61,51,70,401.55","1,30,170","23,50,220","58.16"
"TCS","EQ","01-Jan-2021","2,862.75","2,880.00","2,940.00","2,879.00","2,932.00","2,928.25","2,913.52","26,81,440","7,81,24,35,140.30","88,216","5,04,010","18.80"
"TCS","EQ","04-Jan-2021","2,928.25","2,950.00","3,050.75","2,940.95","3,042.70","3,039.45","2,998.15","51,13,293","15,33,04,05,223.95","2,07,562","11,82,335","23.12"
"TCS","EQ","05-Jan-2021","3,039.45","3,039.60","3,114.25","3,039.60","3,090.65","3,093.00","3,084.07","58,01,309","17,89,16,34,394.80","2,02,735","15,54,550","26.80"
"TCS","EQ","06-Jan-2021","3,093.00","3,100.00","3,113.50","3,037.20","3,053.00","3,051.50","3,078.56","37,26,716","11,47,29,36,907.35","1,72,084","10,54,841","28.30"
"TCS","EQ","07-Jan-2021","3,051.50","3,075.00","3,080.85","3,000.25","3,048.65","3,032.80","3,028.74","37,17,827","11,26,03,21,904.20","1,67,700","14,90,971","40.10"
"TCS","EQ","08-Jan-2021","3,032.80","3,090.00","3,128.00","3,060.00","3,122.75","3,120.90","3,100.97","58,79,039","18,23,07,17,038.75","2,14,010","17,54,802","29.85"
"TCS","EQ","11-Jan-2021","3,120.90","3,230.00","3,230.00","3,146.55","3,170.45","3,176.45","3,174.16","95,08,039","30,18,00,45,841.35","2,94,091","31,53,741","33.17"
"TCS","EQ","12-Jan-2021","3,176.45","3,176.45","3,210.00","3,150.00","3,172.00","3,174.85","3,187.07","36,11,458","11,50,99,72,776.65","1,42,696","16,56,842","45.88"
"TCS","EQ","13-Jan-2021","3,174.85","3,175.00","3,177.00","3,126.25","3,158.00","3,158.95","3,147.46","35,72,801","11,24,52,61,941.15","1,89,690","18,57,249","51.98"
"TCS","EQ","14-Jan-2021","3,158.95","3,155.00","3,266.50","3,120.40","3,244.35","3,250.70","3,207.17","69,31,542","22,23,06,11,264.15","2,76,953","30,67,056","44.25"
"TCS","EQ","15-Jan-2021","3,250.70","3,235.00","3,274.00","3,210.00","3,229.95","3,233.35","3,240.98","41,31,692","13,39,07,34,930.65","1,93,972","19,59,292","47.42"
"TCS","EQ","18-Jan-2021","3,233.35","3,250.00","3,256.75","3,187.40","3,215.00","3,221.75","3,230.06","41,60,906","13,43,99,89,256.75","1,95,067","22,04,487","52.98"
"TCS","EQ","19-Jan-2021","3,221.75","3,233.00","3,279.00","3,232.00","3,265.60","3,260.70","3,256.44","29,75,735","9,69,03,07,983.35","1,35,064","14,09,143","47.35"
"TCS","EQ","20-Jan-2021","3,260.70","3,270.00","3,327.95","3,267.10","3,305.00","3,308.80","3,304.97","34,53,446","11,41,35,30,807.30","1,69,490","14,98,128","43.38"
"TCS","EQ","21-Jan-2021","3,308.80","3,305.00","3,309.15","3,262.10","3,274.05","3,273.85","3,281.88","27,78,546","9,11,88,52,661.70","1,34,629","12,22,458","44.00"
"TCS","EQ","22-Jan-2021","3,273.85","3,241.90","3,325.00","3,241.90","3,292.20","3,303.10","3,300.02","30,52,459","10,07,31,63,825.50","1,20,993","14,19,347","46.50"
"TCS","EQ","25-Jan-2021","3,303.10","3,308.95","3,339.80","3,278.65","3,298.00","3,291.30","3,314.24","22,72,887","7,53,28,89,906.35","1,22,553","12,08,668","53.18"
"TCS","EQ","27-Jan-2021","3,291.30","3,300.00","3,306.45","3,227.00","3,263.00","3,261.05","3,265.48","27,86,662","9,09,97,82,354.05","1,75,811","13,96,514","50.11"
"TCS","EQ","28-Jan-2021","3,261.05","3,230.00","3,275.00","3,183.80","3,202.95","3,196.55","3,221.23","30,83,938","9,93,40,65,466.35","1,54,535","16,89,185","54.77"
"TCS","EQ","29-Jan-2021","3,196.55","3,210.05","3,216.85","3,100.00","3,126.95","3,111.35","3,142.99","54,45,659","17,11,56,46,045.40","1,85,207","36,01,765","66.14"
"TCS","EQ","01-Feb-2021","3,111.35","3,100.00","3,165.00","3,044.10","3,150.00","3,139.35","3,098.04","39,85,846","12,34,83,18,212.80","2,80,031","21,25,201","53.32"
"TCS","EQ","02-Feb-2021","3,139.35","3,174.00","3,224.00","3,150.00","3,195.00","3,203.45","3,197.36","28,81,837","9,21,42,82,428.10","1,14,024","14,61,083","50.70"
"TCS","EQ","03-Feb-2021","3,203.45","3,213.00","3,236.00","3,162.65","3,200.00","3,200.05","3,209.50","25,05,866","8,04,25,81,723.80","1,16,096","9,16,858","36.59"
"TCS","EQ","04-Feb-2021","3,200.05","3,216.05","3,237.85","3,176.00","3,185.50","3,188.45","3,198.51","20,57,261","6,58,01,60,004.75","1,05,804","9,94,481","48.34"
"TCS","EQ","05-Feb-2021","3,188.45","3,198.95","3,205.85","3,129.00","3,160.50","3,157.95","3,154.91","23,66,135","7,46,49,32,897.55","1,43,150","9,92,928","41.96"
"TCS","EQ","08-Feb-2021","3,157.95","3,189.50","3,226.00","3,155.15","3,219.00","3,214.10","3,191.08","25,26,592","8,06,25,47,697.85","1,55,790","11,60,977","45.95"
"TCS","EQ","09-Feb-2021","3,214.10","3,195.00","3,245.80","3,164.00","3,176.00","3,176.90","3,212.70","26,58,751","8,54,17,75,943.25","1,71,299","13,05,574","49.10"
"TCS","EQ","10-Feb-2021","3,176.90","3,185.00","3,219.40","3,157.30","3,215.50","3,213.30","3,197.06","21,27,983","6,80,32,89,931.00","1,15,813","7,13,331","33.52"
"TCS","EQ","11-Feb-2021","3,213.30","3,215.00","3,219.30","3,185.05","3,204.50","3,206.00","3,201.77","11,65,882","3,73,28,84,248.70","53,910","4,66,871","40.04"
"TCS","EQ","12-Feb-2021","3,206.00","3,184.20","3,245.50","3,182.00","3,188.25","3,190.80","3,214.96","27,77,404","8,92,92,53,698.30","1,13,414","8,72,187","31.40"
"TCS","EQ","15-Feb-2021","3,190.80","3,209.00","3,209.00","3,131.55","3,149.00","3,139.85","3,156.80","26,30,853","8,30,50,69,201.35","1,43,467","12,14,830","46.18"
"TCS","EQ","16-Feb-2021","3,139.85","3,150.00","3,167.65","3,100.00","3,113.00","3,108.80","3,122.98","34,35,770","10,72,98,49,665.90","1,71,006","16,51,579","48.07"
"TCS","EQ","17-Feb-2021","3,108.80","3,105.10","3,132.85","3,045.55","3,073.45","3,073.10","3,076.93","36,78,426","11,31,82,62,125.10","2,04,277","15,16,981","41.24"
"TCS","EQ","18-Feb-2021","3,073.10","3,065.00","3,097.90","3,031.00","3,055.00","3,057.35","3,057.94","41,89,909","12,81,25,10,327.00","1,76,370","20,42,317","48.74"
"TCS","EQ","19-Feb-2021","3,057.35","3,058.00","3,087.15","3,016.15","3,078.00","3,071.85","3,047.73","37,25,028","11,35,28,87,527.85","1,30,797","18,78,814","50.44"
"TCS","EQ","22-Feb-2021","3,071.85","3,096.00","3,096.00","2,943.15","2,955.50","2,958.45","2,999.26","53,66,696","16,09,61,21,002.20","2,66,786","28,09,615","52.35"
"TCS","EQ","23-Feb-2021","2,958.45","2,970.00","3,028.00","2,968.00","2,985.10","2,980.20","2,996.35","38,32,829","11,48,45,13,631.45","1,92,941","17,70,672","46.20"
"TCS","EQ","24-Feb-2021","2,980.20","2,972.00","3,003.35","2,921.15","2,946.85","2,948.10","2,946.07","37,74,549","11,12,00,81,886.95","1,32,336","23,36,704","61.91"
"TCS","EQ","25-Feb-2021","2,948.10","2,974.00","3,029.90","2,968.45","2,985.05","2,995.30","3,000.62","42,24,073","12,67,48,49,320.45","2,23,397","21,52,055","50.95"
"TCS","EQ","26-Feb-2021","2,995.30","2,960.00","2,972.35","2,880.00","2,903.85","2,894.30","2,916.68","55,53,153","16,19,67,77,082.55","3,48,532","28,60,279","51.51"
"TCS","EQ","01-Mar-2021","2,894.30","2,926.00","2,965.00","2,901.80","2,935.50","2,924.20","2,929.39","32,65,871","9,56,70,12,658.35","1,70,820","16,76,148","51.32"
"TCS","EQ","02-Mar-2021","2,924.20","2,960.00","3,025.00","2,948.00","3,019.00","3,006.35","2,981.60","33,06,469","9,85,85,60,232.35","1,86,577","14,07,212","42.56"
"TCS","EQ","03-Mar-2021","3,006.35","3,035.00","3,064.00","2,996.90","3,058.00","3,059.10","3,036.11","35,09,857","10,65,63,15,248.05","1,83,148","20,32,166","57.90"
"TCS","EQ","04-Mar-2021","3,059.10","3,023.00","3,081.45","3,016.05","3,042.90","3,049.70","3,058.77","39,16,760","11,98,04,83,432.05","1,74,500","20,35,315","51.96"
"TCS","EQ","05-Mar-2021","3,049.70","3,016.10","3,063.20","2,996.60","3,025.00","3,008.05","3,033.92","32,03,686","9,71,97,19,834.10","1,27,882","13,90,830","43.41"
"TCS","EQ","08-Mar-2021","3,008.05","3,016.00","3,033.00","2,996.00","3,008.70","3,006.95","3,016.64","20,03,125","6,04,27,02,431.75","1,13,743","8,42,670","42.07"
"TCS","EQ","09-Mar-2021","3,006.95","3,006.95","3,066.90","2,992.10","3,060.50","3,050.95","3,023.94","19,42,397","5,87,36,98,965.55","1,33,488","10,20,339","52.53"
"TCS","EQ","10-Mar-2021","3,050.95","3,075.00","3,093.20","3,060.00","3,070.00","3,070.95","3,077.29","30,53,778","9,39,73,59,901.30","1,64,340","16,31,893","53.44"
"TCS","EQ","12-Mar-2021","3,070.95","3,075.00","3,117.00","3,041.35","3,053.10","3,057.95","3,084.20","29,38,317","9,06,23,43,314.40","1,28,801","14,65,667","49.88"
"TCS","EQ","15-Mar-2021","3,057.95","3,041.00","3,099.00","3,041.00","3,062.05","3,066.15","3,069.74","30,97,140","9,50,74,10,762.30","1,38,642","16,77,136","54.15"
"TCS","EQ","16-Mar-2021","3,066.15","3,060.00","3,141.00","3,060.00","3,106.00","3,110.05","3,114.11","48,94,756","15,24,28,17,601.80","1,90,871","24,41,085","49.87"
"TCS","EQ","17-Mar-2021","3,110.05","3,105.00","3,155.00","3,085.30","3,107.40","3,112.95","3,130.14","38,38,390","12,01,47,11,142.05","1,83,445","17,76,834","46.29"
"TCS","EQ","18-Mar-2021","3,112.95","3,125.95","3,146.45","2,987.05","3,042.00","3,036.50","3,083.67","36,56,306","11,27,48,28,058.35","1,64,183","16,70,043","45.68"
"TCS","EQ","19-Mar-2021","3,036.50","3,030.00","3,099.00","3,005.00","3,054.80","3,050.20","3,049.18","57,76,626","17,61,39,85,029.65","1,53,489","31,38,698","54.33"
"TCS","EQ","22-Mar-2021","3,050.20","3,048.70","3,139.45","3,018.65","3,128.00","3,129.65","3,086.03","28,21,646","8,70,76,78,923.10","1,37,406","11,65,276","41.30"
"TCS","EQ","23-Mar-2021","3,129.65","3,140.00","3,169.00","3,122.85","3,142.00","3,142.60","3,148.33","33,05,973","10,40,82,99,726.90","1,67,131","16,15,396","48.86"
"TCS","EQ","24-Mar-2021","3,142.60","3,111.20","3,152.30","3,111.15","3,123.60","3,121.10","3,130.63","22,07,104","6,90,96,31,859.00","1,10,682","9,30,779","42.17"
"TCS","EQ","25-Mar-2021","3,121.10","3,112.20","3,130.85","3,050.00","3,074.50","3,064.85","3,091.11","31,79,786","9,82,90,64,107.90","1,53,808","15,67,362","49.29"
"TCS","EQ","26-Mar-2021","3,064.85","3,090.65","3,118.00","3,043.05","3,062.00","3,066.80","3,078.97","36,97,370","11,38,40,84,592.30","2,01,134","15,12,152","40.90"
"TCS","EQ","30-Mar-2021","3,066.80","3,083.00","3,188.45","3,060.90","3,172.00","3,158.55","3,139.65","46,94,261","14,73,83,34,444.25","1,91,356","22,77,177","48.51"
"TCS","EQ","31-Mar-2021","3,158.55","3,155.00","3,205.00","3,132.00","3,175.30","3,177.85","3,177.88","35,30,069","11,21,81,35,153.05","1,56,653","12,36,712","35.03"
"TCS","EQ","01-Apr-2021","3,177.85","3,191.10","3,215.00","3,145.00","3,167.00","3,165.00","3,178.41","42,85,076","13,61,97,43,474.75","1,54,796","22,56,615","52.66"
"TCS","EQ","05-Apr-2021","3,165.00","3,171.00","3,263.00","3,151.00","3,241.00","3,238.90","3,206.75","53,17,862","17,05,30,50,939.60","2,29,667","25,18,855","47.37"
"TCS","EQ","06-Apr-2021","3,238.90","3,275.00","3,275.00","3,230.00","3,266.50","3,264.70","3,254.36","22,91,562","7,45,75,70,557.40","1,09,190","8,34,510","36.42"
"TCS","EQ","07-Apr-2021","3,264.70","3,259.00","3,277.55","3,234.80","3,271.00","3,271.40","3,258.05","24,91,268","8,11,66,66,257.70","1,22,792","11,25,695","45.19"
"TCS","EQ","08-Apr-2021","3,271.40","3,270.00","3,335.00","3,266.05","3,315.00","3,317.35","3,314.03","25,78,118","8,54,39,56,094.10","1,42,722","9,87,260","38.29"
"TCS","EQ","09-Apr-2021","3,317.35","3,354.00","3,354.35","3,308.00","3,325.00","3,322.25","3,327.38","29,11,129","9,68,64,22,200.65","1,14,832","10,43,656","35.85"
"TCS","EQ","12-Apr-2021","3,322.25","3,322.25","3,338.10","3,213.20","3,250.00","3,246.55","3,275.21","37,91,828","12,41,90,18,301.00","2,02,522","13,29,121","35.05"
"TCS","EQ","13-Apr-2021","3,246.55","3,214.00","3,214.00","3,073.05","3,120.00","3,104.05","3,116.13","86,54,596","26,96,88,83,551.05","4,36,638","31,04,217","35.87"
"TCS","EQ","15-Apr-2021","3,104.05","3,160.30","3,237.25","3,087.45","3,227.00","3,218.95","3,168.14","60,62,760","19,20,76,55,907.60","2,19,212","30,38,656","50.12"
"TCS","EQ","16-Apr-2021","3,218.95","3,229.00","3,247.00","3,182.60","3,186.10","3,195.15","3,209.11","32,24,657","10,34,82,87,512.60","1,23,918","14,01,641","43.47"
"TCS","EQ","19-Apr-2021","3,195.15","3,169.00","3,189.00","3,135.10","3,159.15","3,161.80","3,164.13","26,79,106","8,47,70,31,167.55","1,26,444","13,40,909","50.05"
"TCS","EQ","20-Apr-2021","3,161.80","3,225.00","3,225.35","3,126.35","3,140.00","3,144.55","3,150.28","31,41,893","9,89,78,43,132.45","1,62,928","17,47,537","55.62"
"TCS","EQ","22-Apr-2021","3,144.55","3,148.00","3,148.00","3,105.25","3,121.05","3,118.80","3,122.39","19,88,980","6,21,03,80,335.40","1,72,941","11,91,717","59.92"
"TCS","EQ","23-Apr-2021","3,118.80","3,105.00","3,119.00","3,091.05","3,110.20","3,109.50","3,105.86","16,15,309","5,01,69,30,338.85","93,127","7,72,358","47.81"
"TCS","EQ","26-Apr-2021","3,109.50","3,102.05","3,153.00","3,088.05","3,100.05","3,100.80","3,122.35","24,90,260","7,77,54,64,961.20","87,012","13,45,353","54.02"
"TCS","EQ","27-Apr-2021","3,100.80","3,106.00","3,136.10","3,103.00","3,132.75","3,132.00","3,122.18","14,71,417","4,59,40,35,861.35","97,077","8,49,767","57.75"
"TCS","EQ","28-Apr-2021","3,132.00","3,149.95","3,151.00","3,112.00","3,123.00","3,124.10","3,125.72","16,39,037","5,12,31,75,756.75","76,017","8,47,762","51.72"
"TCS","EQ","29-Apr-2021","3,124.10","3,145.60","3,157.35","3,105.50","3,114.45","3,115.25","3,130.83","16,21,395","5,07,63,05,907.85","98,275","8,37,567","51.66"
"TCS","EQ","30-Apr-2021","3,115.25","3,099.00","3,132.05","3,020.00","3,040.00","3,035.65","3,063.19","30,72,305","9,41,10,56,605.10","1,57,829","19,42,473","63.23"
"TCS","EQ","03-May-2021","3,035.65","3,024.90","3,055.00","3,004.00","3,035.85","3,037.00","3,035.65","15,45,831","4,69,26,05,166.20","1,09,575","6,36,257","41.16"
"TCS","EQ","04-May-2021","3,037.00","3,062.80","3,090.00","3,035.00","3,052.90","3,049.75","3,061.20","19,90,777","6,09,41,67,595.30","94,786","9,12,440","45.83"
"TCS","EQ","05-May-2021","3,049.75","3,070.00","3,099.40","3,052.40","3,095.75","3,095.70","3,083.22","19,39,289","5,97,92,55,988.85","1,15,524","10,03,404","51.74"
"TCS","EQ","06-May-2021","3,095.70","3,105.50","3,134.00","3,074.00","3,115.90","3,111.45","3,107.27","17,91,671","5,56,72,13,773.10","72,680","8,31,131","46.39"
"TCS","EQ","07-May-2021","3,111.45","3,133.00","3,159.85","3,111.80","3,131.00","3,132.90","3,136.92","19,12,540","5,99,94,92,210.40","94,194","9,46,390","49.48"
"TCS","EQ","10-May-2021","3,132.90","3,145.95","3,164.20","3,125.00","3,147.00","3,145.50","3,145.94","21,37,153","6,72,33,56,016.90","1,00,229","12,58,111","58.87"
"TCS","EQ","11-May-2021","3,145.50","3,125.00","3,128.10","3,091.15","3,120.00","3,122.60","3,111.04","24,15,625","7,51,51,02,667.10","93,623","14,84,826","61.47"
"TCS","EQ","12-May-2021","3,122.60","3,120.00","3,120.00","3,070.60","3,085.50","3,087.60","3,086.76","19,78,558","6,10,73,29,661.55","1,01,860","12,19,688","61.65"
"TCS","EQ","14-May-2021","3,087.60","3,098.50","3,098.50","3,040.00","3,052.00","3,051.50","3,051.89","20,43,935","6,23,78,62,560.75","1,26,572","12,81,535","62.70"
"TCS","EQ","17-May-2021","3,051.50","3,055.00","3,075.20","3,036.00","3,072.75","3,069.75","3,054.41","28,90,462","8,82,86,42,067.75","98,199","17,59,849","60.88"
"TCS","EQ","18-May-2021","3,069.75","3,100.00","3,124.00","3,078.00","3,089.00","3,088.80","3,097.13","20,98,538","6,49,94,42,922.95","65,396","11,56,834","55.13"
"TCS","EQ","19-May-2021","3,088.80","3,084.00","3,118.00","3,067.10","3,084.90","3,082.00","3,095.03","19,86,041","6,14,68,47,715.90","1,12,427","12,44,083","62.64"
"TCS","EQ","20-May-2021","3,082.00","3,067.10","3,088.80","3,052.10","3,060.65","3,060.00","3,065.96","23,29,027","7,14,06,93,825.45","1,10,631","15,12,325","64.93"
"TCS","EQ","21-May-2021","3,060.00","3,061.00","3,088.20","3,055.10","3,080.50","3,080.50","3,075.95","16,85,566","5,18,47,15,065.35","74,555","10,85,313","64.39"
"TCS","EQ","24-May-2021","3,080.50","3,081.50","3,105.00","3,072.00","3,082.45","3,081.50","3,089.42","16,52,260","5,10,45,27,041.80","79,516","8,96,770","54.28"
"TCS","EQ","25-May-2021","3,081.50","3,092.00","3,128.25","3,082.10","3,115.00","3,114.00","3,111.62","18,41,613","5,73,03,95,912.55","1,22,270","9,02,281","48.99"
"TCS","EQ","26-May-2021","3,114.00","3,120.00","3,165.00","3,103.80","3,158.00","3,158.50","3,143.41","19,23,753","6,04,71,45,461.35","98,431","9,37,133","48.71"
"TCS","EQ","27-May-2021","3,158.50","3,161.95","3,217.75","3,161.80","3,198.00","3,180.00","3,189.10","59,59,785","19,00,63,45,222.15","1,81,046","37,33,267","62.64"
"TCS","EQ","28-May-2021","3,180.00","3,189.50","3,198.00","3,135.65","3,146.35","3,143.60","3,161.25","17,63,701","5,57,54,92,889.05","98,509","9,41,310","53.37"
"TCS","EQ","31-May-2021","3,143.60","3,150.00","3,170.35","3,128.60","3,163.40","3,159.15","3,155.52","16,52,799","5,21,54,39,448.10","86,026","7,31,415","44.25"
"TCS","EQ","01-Jun-2021","3,159.15","3,168.60","3,169.95","3,132.00","3,153.90","3,153.00","3,147.93","13,77,441","4,33,60,83,044.90","91,948","7,48,839","54.36"
"TCS","EQ","02-Jun-2021","3,153.00","3,150.85","3,159.45","3,115.00","3,135.00","3,129.45","3,128.08","22,40,078","7,00,71,34,474.80","1,32,990","14,11,614","63.02"
"TCS","EQ","03-Jun-2021","3,129.45","3,154.55","3,154.55","3,122.65","3,144.90","3,141.25","3,136.68","12,81,706","4,02,03,00,713.05","91,185","6,17,798","48.20"
"TCS","EQ","04-Jun-2021","3,141.25","3,128.00","3,156.85","3,125.00","3,138.50","3,143.75","3,140.46","18,36,060","5,76,60,71,003.15","78,503","11,17,232","60.85"
"TCS","EQ","07-Jun-2021","3,143.75","3,145.00","3,190.45","3,133.60","3,187.00","3,183.20","3,157.52","25,59,821","8,08,26,89,475.70","1,02,542","15,87,945","62.03"
"TCS","EQ","08-Jun-2021","3,183.20","3,198.00","3,231.00","3,187.20","3,199.35","3,200.15","3,212.89","25,74,057","8,27,01,59,545.55","1,15,327","13,14,327","51.06"
"TCS","EQ","09-Jun-2021","3,200.15","3,202.00","3,220.00","3,186.20","3,199.70","3,200.25","3,202.19","17,10,925","5,47,87,05,691.35","75,025","9,96,569","58.25"
"TCS","EQ","10-Jun-2021","3,200.25","3,210.00","3,224.00","3,193.00","3,216.00","3,216.80","3,210.54","18,74,324","6,01,75,89,512.15","1,00,093","10,02,378","53.48"
"TCS","EQ","11-Jun-2021","3,216.80","3,211.55","3,309.00","3,211.00","3,279.00","3,273.80","3,269.42","34,52,954","11,28,91,68,561.40","1,39,241","14,28,491","41.37"
"TCS","EQ","14-Jun-2021","3,273.80","3,279.00","3,308.70","3,270.35","3,277.15","3,276.35","3,284.58","18,47,360","6,06,77,99,808.60","82,241","9,25,400","50.09"
"TCS","EQ","15-Jun-2021","3,276.35","3,298.00","3,298.00","3,251.55","3,262.00","3,262.75","3,275.11","13,04,985","4,27,39,70,422.60","96,054","6,94,189","53.20"
"TCS","EQ","16-Jun-2021","3,262.75","3,262.10","3,294.70","3,253.00","3,270.00","3,274.35","3,273.56","16,35,552","5,35,40,77,782.45","92,225","9,73,246","59.51"
"TCS","EQ","17-Jun-2021","3,274.35","3,265.50","3,336.05","3,260.00","3,328.00","3,317.75","3,295.52","22,73,413","7,49,20,87,861.65","1,31,862","13,08,141","57.54"
"TCS","EQ","18-Jun-2021","3,317.75","3,350.90","3,358.00","3,275.00","3,303.00","3,297.30","3,312.52","33,80,431","11,19,77,61,791.30","1,41,335","18,57,893","54.96"
"TCS","EQ","21-Jun-2021","3,297.30","3,265.00","3,286.00","3,251.70","3,273.00","3,273.10","3,270.48","11,30,569","3,69,75,04,601.30","77,545","5,67,529","50.20"
"TCS","EQ","22-Jun-2021","3,273.10","3,304.00","3,327.05","3,285.00","3,304.00","3,301.20","3,309.41","17,08,688","5,65,47,51,060.65","91,864","9,60,829","56.23"
"TCS","EQ","23-Jun-2021","3,301.20","3,329.00","3,329.00","3,256.40","3,267.30","3,261.40","3,277.84","14,67,104","4,80,89,28,707.90","97,430","9,60,116","65.44"
"TCS","EQ","24-Jun-2021","3,261.40","3,284.00","3,383.00","3,278.50","3,370.00","3,373.60","3,344.69","41,55,204","13,89,78,53,675.10","1,91,883","18,37,245","44.22"
"TCS","EQ","25-Jun-2021","3,373.60","3,375.25","3,399.65","3,350.00","3,371.00","3,380.80","3,377.11","27,22,861","9,19,54,12,962.85","1,12,139","15,82,890","58.13"
"TCS","EQ","28-Jun-2021","3,380.80","3,391.50","3,391.50","3,333.00","3,342.00","3,336.75","3,345.72","13,55,238","4,53,42,49,770.00","80,472","6,69,783","49.42"
"TCS","EQ","29-Jun-2021","3,336.75","3,342.00","3,366.30","3,326.50","3,335.25","3,340.85","3,344.11","14,97,322","5,00,72,16,160.85","97,261","8,74,417","58.40"
"TCS","EQ","30-Jun-2021","3,340.85","3,346.00","3,382.00","3,338.50","3,351.00","3,345.75","3,356.80","16,93,146","5,68,35,48,098.95","1,01,344","9,58,794","56.63"
"TCS","EQ","01-Jul-2021","3,345.75","3,358.00","3,362.00","3,332.35","3,338.00","3,341.50","3,343.83","9,90,310","3,31,14,27,478.80","63,177","5,90,638","59.64"
"TCS","EQ","02-Jul-2021","3,341.50","3,331.00","3,339.70","3,295.20","3,329.00","3,325.45","3,311.83","16,82,274","5,57,14,06,774.65","1,24,870","8,85,899","52.66"
"TCS","EQ","05-Jul-2021","3,325.45","3,342.00","3,374.00","3,302.00","3,328.00","3,321.00","3,342.14","19,72,858","6,59,35,60,506.90","1,13,655","9,81,734","49.76"
"TCS","EQ","06-Jul-2021","3,321.00","3,313.00","3,328.00","3,256.10","3,273.65","3,262.30","3,285.26","21,59,420","7,09,42,62,857.45","1,42,732","10,52,180","48.73"
"TCS","EQ","07-Jul-2021","3,262.30","3,275.00","3,282.70","3,241.60","3,275.85","3,274.95","3,264.79","26,40,710","8,62,13,56,119.05","1,19,862","13,98,154","52.95"
"TCS","EQ","08-Jul-2021","3,274.95","3,298.00","3,298.00","3,231.90","3,253.00","3,258.50","3,264.38","24,85,811","8,11,46,42,972.35","1,59,147","11,54,747","46.45"
"TCS","EQ","09-Jul-2021","3,258.50","3,250.00","3,282.00","3,201.00","3,211.80","3,208.15","3,232.37","63,65,067","20,57,42,74,921.25","3,21,370","21,25,726","33.40"
"TCS","EQ","12-Jul-2021","3,208.15","3,235.00","3,236.00","3,188.35","3,198.40","3,193.10","3,212.90","18,92,226","6,07,95,23,668.95","1,36,133","9,60,804","50.78"
"TCS","EQ","13-Jul-2021","3,193.10","3,214.00","3,214.00","3,175.00","3,190.40","3,187.55","3,192.60","18,09,339","5,77,64,98,373.75","1,19,046","11,51,250","63.63"
"TCS","EQ","14-Jul-2021","3,187.55","3,187.00","3,222.00","3,185.00","3,214.40","3,214.55","3,207.79","20,44,279","6,55,76,20,557.05","1,21,236","11,75,668","57.51"
"TCS","EQ","15-Jul-2021","3,214.55","3,227.60","3,231.85","3,194.00","3,201.90","3,202.95","3,207.01","22,32,968","7,16,11,60,396.00","1,34,474","14,19,357","63.56"
"TCS","EQ","16-Jul-2021","3,202.95","3,213.00","3,219.85","3,192.00","3,194.50","3,194.80","3,202.38","12,56,526","4,02,38,79,474.80","90,365","7,62,190","60.66"
"TCS","EQ","19-Jul-2021","3,194.80","3,180.00","3,199.80","3,176.00","3,184.90","3,184.60","3,185.26","15,97,058","5,08,70,41,968.65","78,047","10,33,190","64.69"
"TCS","EQ","20-Jul-2021","3,184.60","3,184.60","3,215.00","3,156.15","3,203.85","3,205.80","3,187.48","18,11,945","5,77,55,40,904.05","1,32,943","10,90,944","60.21"
"TCS","EQ","22-Jul-2021","3,205.80","3,190.00","3,224.95","3,190.00","3,214.70","3,216.35","3,212.15","28,59,334","9,18,46,01,700.55","1,21,867","19,99,067","69.91"
"TCS","EQ","23-Jul-2021","3,216.35","3,230.00","3,241.55","3,206.65","3,210.00","3,212.85","3,225.77","17,76,193","5,72,95,96,471.60","1,00,269","11,19,762","63.04"
"TCS","EQ","26-Jul-2021","3,212.85","3,200.00","3,224.25","3,190.85","3,200.35","3,197.55","3,205.52","12,59,611","4,03,77,09,192.05","87,600","7,60,050","60.34"
"TCS","EQ","27-Jul-2021","3,197.55","3,200.00","3,210.00","3,161.15","3,187.95","3,182.95","3,185.06","11,21,367","3,57,16,16,645.05","79,117","7,36,732","65.70"
"TCS","EQ","28-Jul-2021","3,182.95","3,188.00","3,204.45","3,132.40","3,199.90","3,197.80","3,169.59","16,60,654","5,26,35,94,035.55","1,13,534","9,54,569","57.48"
"TCS","EQ","29-Jul-2021","3,197.80","3,200.25","3,225.45","3,190.30","3,194.00","3,195.80","3,207.56","17,31,997","5,55,54,84,672.65","1,23,060","10,99,206","63.46"
"TCS","EQ","30-Jul-2021","3,195.80","3,219.00","3,223.50","3,162.35","3,167.70","3,167.45","3,191.59","29,99,943","9,57,45,88,335.95","1,40,915","21,66,295","72.21"
"TCS","EQ","02-Aug-2021","3,167.45","3,180.00","3,224.90","3,167.00","3,220.00","3,219.40","3,199.51","26,08,669","8,34,64,53,822.50","1,12,175","19,07,700","73.13"
"TCS","EQ","03-Aug-2021","3,219.40","3,229.00","3,290.00","3,218.95","3,278.50","3,284.90","3,265.75","38,04,735","12,42,53,11,115.35","1,69,947","22,36,727","58.79"
"TCS","EQ","04-Aug-2021","3,284.90","3,300.00","3,305.20","3,261.20","3,275.00","3,273.95","3,280.85","29,29,598","9,61,15,65,427.20","97,356","19,89,255","67.90"
"TCS","EQ","05-Aug-2021","3,273.95","3,275.00","3,315.00","3,262.50","3,282.15","3,283.95","3,291.59","25,34,521","8,34,25,97,223.05","1,01,103","13,58,151","53.59"
"TCS","EQ","06-Aug-2021","3,283.95","3,272.55","3,324.00","3,265.00","3,311.00","3,309.80","3,299.35","22,92,362","7,56,33,09,162.25","1,02,596","14,59,676","63.68"
"TCS","EQ","09-Aug-2021","3,309.80","3,323.90","3,337.00","3,310.00","3,321.00","3,322.70","3,323.80","15,10,489","5,02,05,66,711.25","96,243","9,69,058","64.16"
"TCS","EQ","10-Aug-2021","3,322.70","3,315.60","3,349.90","3,315.60","3,330.50","3,333.90","3,334.47","20,40,777","6,80,49,14,788.20","1,00,513","12,37,530","60.64"
"TCS","EQ","11-Aug-2021","3,333.90","3,350.00","3,360.00","3,327.10","3,348.00","3,344.20","3,344.63","19,29,707","6,45,41,61,673.50","1,04,272","11,38,089","58.98"
"TCS","EQ","12-Aug-2021","3,344.20","3,326.00","3,368.00","3,326.00","3,347.00","3,351.75","3,353.87","13,10,205","4,39,42,55,743.65","84,190","8,24,872","62.96"
"TCS","EQ","13-Aug-2021","3,351.75","3,360.75","3,480.00","3,357.50","3,456.05","3,463.40","3,438.94","43,63,584","15,00,60,82,710.35","2,17,264","21,32,472","48.87"
"TCS","EQ","16-Aug-2021","3,463.40","3,460.00","3,494.35","3,436.50","3,464.75","3,472.95","3,470.40","20,83,489","7,23,05,49,749.25","1,20,736","11,77,803","56.53"
"TCS","EQ","17-Aug-2021","3,472.95","3,482.10","3,560.80","3,463.00","3,548.00","3,553.05","3,523.43","43,36,019","15,27,76,48,941.65","1,89,016","27,04,831","62.38"
"TCS","EQ","18-Aug-2021","3,553.05","3,573.85","3,595.00","3,536.60","3,559.80","3,560.55","3,564.21","26,31,309","9,37,85,50,368.20","1,90,233","17,23,543","65.50"
"TCS","EQ","20-Aug-2021","3,560.55","3,506.00","3,575.00","3,500.00","3,551.60","3,559.50","3,553.61","28,36,148","10,07,85,73,269.05","1,46,932","18,48,299","65.17"
"TCS","EQ","23-Aug-2021","3,559.50","3,580.00","3,673.00","3,561.90","3,635.00","3,637.40","3,636.99","37,44,176","13,61,75,18,913.15","1,82,578","18,42,890","49.22"
"TCS","EQ","24-Aug-2021","3,637.40","3,657.00","3,667.35","3,594.40","3,615.05","3,613.20","3,626.54","25,11,141","9,10,67,41,534.10","1,40,873","15,56,733","61.99"
"TCS","EQ","25-Aug-2021","3,613.20","3,610.00","3,697.75","3,607.05","3,665.00","3,659.00","3,667.15","21,23,263","7,78,63,17,794.00","1,32,939","9,95,370","46.88"
"TCS","EQ","26-Aug-2021","3,659.00","3,660.00","3,687.60","3,647.90","3,655.00","3,671.85","3,666.49","19,02,533","6,97,56,27,265.60","1,11,272","11,54,816","60.70"
"TCS","EQ","27-Aug-2021","3,671.85","3,666.00","3,729.50","3,651.10","3,715.00","3,720.15","3,704.47","39,44,728","14,61,31,15,000.85","1,46,958","25,24,643","64.00"
"TCS","EQ","30-Aug-2021","3,720.15","3,715.00","3,740.35","3,687.60","3,709.00","3,701.30","3,717.61","20,33,114","7,55,83,26,821.90","1,20,886","13,49,616","66.38"
"TCS","EQ","31-Aug-2021","3,701.30","3,709.40","3,804.10","3,703.45","3,797.90","3,786.45","3,763.43","32,07,480","12,07,11,11,288.25","1,18,247","18,62,272","58.06"
"TCS","EQ","01-Sep-2021","3,786.45","3,796.00","3,816.70","3,707.00","3,715.00","3,714.95","3,742.07","26,43,336","9,89,15,48,398.70","1,59,880","18,63,636","70.50"
"TCS","EQ","02-Sep-2021","3,714.95","3,734.00","3,859.15","3,722.00","3,827.90","3,836.75","3,798.12","34,03,717","12,92,77,23,346.45","1,47,951","20,36,113","59.82"
"TCS","EQ","03-Sep-2021","3,836.75","3,825.00","3,856.90","3,804.55","3,835.00","3,842.05","3,830.31","17,46,812","6,69,08,25,623.35","1,10,739","9,16,975","52.49"
"TCS","EQ","06-Sep-2021","3,842.05","3,849.70","3,877.60","3,814.00","3,847.90","3,852.00","3,842.72","17,23,693","6,62,36,70,538.95","1,11,169","9,78,295","56.76"
"TCS","EQ","07-Sep-2021","3,852.00","3,864.00","3,869.95","3,808.25","3,823.85","3,815.90","3,834.63","15,85,039","6,07,80,43,781.70","97,123","10,10,493","63.75"
"TCS","EQ","08-Sep-2021","3,815.90","3,810.00","3,815.00","3,756.00","3,777.00","3,774.15","3,798.07","41,47,175","15,75,12,52,747.10","1,22,519","33,55,232","80.90"
"TCS","EQ","09-Sep-2021","3,774.15","3,789.70","3,808.70","3,765.00","3,793.00","3,791.40","3,787.10","14,41,148","5,45,77,74,387.45","1,24,377","7,20,189","49.97"
"TCS","EQ","13-Sep-2021","3,791.40","3,767.00","3,852.40","3,767.00","3,841.50","3,845.35","3,828.30","16,91,473","6,47,54,63,794.90","1,09,836","7,89,494","46.67"
"TCS","EQ","14-Sep-2021","3,845.35","3,849.95","3,896.50","3,825.00","3,880.10","3,885.90","3,873.73","19,91,188","7,71,33,16,318.10","1,04,679","12,73,237","63.94"
"TCS","EQ","15-Sep-2021","3,885.90","3,882.10","3,980.00","3,866.00","3,950.00","3,954.55","3,929.40","24,61,369","9,67,16,98,399.65","1,20,015","12,22,171","49.65"
"TCS","EQ","16-Sep-2021","3,954.55","3,930.00","3,981.75","3,892.10","3,903.05","3,903.30","3,931.95","29,46,666","11,58,61,39,448.20","1,23,851","21,25,781","72.14"
"TCS","EQ","17-Sep-2021","3,903.30","3,920.00","3,945.00","3,805.00","3,826.55","3,827.85","3,851.08","64,77,148","24,94,40,46,353.10","1,55,142","45,01,470","69.50"
"TCS","EQ","20-Sep-2021","3,827.85","3,809.00","3,871.00","3,807.85","3,820.05","3,823.50","3,837.22","20,02,008","7,68,21,47,330.75","1,20,832","11,12,498","55.57"
"TCS","EQ","21-Sep-2021","3,823.50","3,858.00","3,871.55","3,821.65","3,861.95","3,862.95","3,850.74","15,68,129","6,03,84,55,605.45","99,059","8,51,956","54.33"
"TCS","EQ","22-Sep-2021","3,862.95","3,862.50","3,896.85","3,852.45","3,856.75","3,862.15","3,873.71","17,44,067","6,75,60,03,293.95","93,000","10,15,045","58.20"
"TCS","EQ","23-Sep-2021","3,862.15","3,870.00","3,879.00","3,835.00","3,872.00","3,869.25","3,859.54","20,03,869","7,73,40,19,886.40","1,31,024","13,96,484","69.69"
"TCS","EQ","24-Sep-2021","3,869.25","3,890.00","3,944.40","3,855.00","3,878.75","3,871.30","3,908.95","23,20,754","9,07,17,18,889.85","1,85,756","13,08,031","56.36"
"TCS","EQ","27-Sep-2021","3,871.30","3,900.00","3,904.00","3,802.90","3,839.00","3,836.95","3,842.81","16,73,362","6,43,04,15,744.60","1,26,569","9,89,998","59.16"
"TCS","EQ","28-Sep-2021","3,836.95","3,850.00","3,850.00","3,751.25","3,777.05","3,779.15","3,784.75","22,53,075","8,52,73,30,472.40","1,40,925","15,58,553","69.17"
"TCS","EQ","29-Sep-2021","3,779.15","3,759.80","3,806.00","3,722.15","3,794.55","3,791.90","3,767.14","24,89,161","9,37,70,15,958.30","1,38,418","15,48,275","62.20"
"TCS","EQ","30-Sep-2021","3,791.90","3,805.00","3,805.00","3,750.10","3,778.70","3,775.55","3,773.28","22,52,412","8,49,89,81,489.30","1,45,940","15,46,273","68.65"
"TCS","EQ","01-Oct-2021","3,775.55","3,781.75","3,810.00","3,725.00","3,728.65","3,730.20","3,747.99","15,78,374","5,91,57,25,343.65","1,32,388","9,16,682","58.08"
"TCS","EQ","04-Oct-2021","3,730.20","3,724.80","3,783.65","3,707.45","3,779.00","3,773.30","3,762.58","13,56,860","5,10,52,90,641.50","82,301","7,83,170","57.72"
"TCS","EQ","05-Oct-2021","3,773.30","3,754.00","3,840.00","3,741.60","3,839.10","3,833.30","3,785.15","18,77,966","7,10,83,85,858.15","1,07,053","10,88,332","57.95"
"TCS","EQ","06-Oct-2021","3,833.30","3,836.00","3,857.45","3,795.00","3,813.80","3,810.90","3,830.18","16,78,154","6,42,76,34,316.05","1,05,524","9,49,703","56.59"
"TCS","EQ","07-Oct-2021","3,810.90","3,830.00","3,899.00","3,820.05","3,898.00","3,892.90","3,868.01","16,47,233","6,37,15,21,151.00","1,00,510","6,93,631","42.11"
"TCS","EQ","08-Oct-2021","3,892.90","3,925.00","3,989.90","3,900.00","3,943.00","3,935.65","3,947.83","29,34,339","11,58,42,83,174.70","1,78,433","10,40,830","35.47"
"TCS","EQ","11-Oct-2021","3,935.65","3,755.00","3,757.50","3,660.00","3,687.95","3,685.60","3,702.67","1,18,45,402","43,85,96,58,074.25","7,04,881","66,06,303","55.77"
"TCS","EQ","12-Oct-2021","3,685.60","3,706.00","3,707.00","3,630.60","3,656.20","3,652.85","3,658.54","57,52,877","21,04,71,20,430.00","3,71,571","37,99,131","66.04"
"TCS","EQ","13-Oct-2021","3,652.85","3,650.00","3,675.45","3,645.00","3,658.05","3,655.20","3,655.85","35,45,655","12,96,23,66,655.15","2,28,263","25,64,283","72.32"
"TCS","EQ","14-Oct-2021","3,655.20","3,625.00","3,670.00","3,608.20","3,614.80","3,611.45","3,626.77","64,42,299","23,36,47,20,249.30","4,06,019","47,14,726","73.18"
"TCS","EQ","18-Oct-2021","3,611.45","3,603.45","3,652.70","3,601.45","3,649.00","3,647.15","3,631.23","35,90,107","13,03,65,17,799.15","2,13,590","24,07,286","67.05"
"TCS","EQ","19-Oct-2021","3,647.15","3,669.00","3,690.10","3,625.20","3,634.45","3,634.15","3,661.85","31,35,441","11,48,15,00,581.85","1,91,609","18,15,161","57.89"
"TCS","EQ","20-Oct-2021","3,634.15","3,612.00","3,630.00","3,578.30","3,607.95","3,608.85","3,606.05","29,33,693","10,57,90,39,337.05","1,75,675","16,85,241","57.44"
"TCS","EQ","21-Oct-2021","3,608.85","3,604.10","3,607.45","3,511.25","3,532.85","3,532.50","3,546.27","48,71,211","17,27,46,50,004.55","2,95,349","31,25,514","64.16"
"TCS","EQ","22-Oct-2021","3,532.50","3,560.00","3,561.60","3,485.00","3,501.85","3,498.85","3,511.44","26,91,670","9,45,16,50,099.45","1,63,976","17,00,467","63.18"
"TCS","EQ","25-Oct-2021","3,498.85","3,503.00","3,514.55","3,450.00","3,491.00","3,492.95","3,477.23","25,95,594","9,02,54,71,433.60","1,39,684","16,27,737","62.71"
"TCS","EQ","26-Oct-2021","3,492.95","3,494.50","3,529.00","3,475.00","3,485.90","3,482.60","3,494.69","38,78,763","13,55,50,85,104.10","1,55,172","28,21,225","72.74"
"TCS","EQ","27-Oct-2021","3,482.60","3,483.00","3,511.25","3,483.00","3,488.45","3,489.75","3,495.53","25,10,813","8,77,66,20,129.00","1,22,328","17,66,894","70.37"
"TCS","EQ","28-Oct-2021","3,489.75","3,518.00","3,518.00","3,415.00","3,423.00","3,421.65","3,450.19","24,24,942","8,36,65,11,722.10","1,87,690","14,97,979","61.77"
"TCS","EQ","29-Oct-2021","3,421.65","3,400.05","3,461.00","3,385.95","3,404.00","3,397.75","3,424.21","39,60,501","13,56,16,01,567.60","2,41,935","22,38,879","56.53"
"TCS","EQ","01-Nov-2021","3,397.75","3,437.95","3,487.00","3,412.95","3,482.35","3,476.40","3,445.74","20,20,718","6,96,28,71,688.90","1,54,841","11,66,862","57.74"